{
  "agent": "scientific_evaluator",
  "metrics": {
    "pedagogical": {
      "blooms_alignment": 0.6666666666666666,
      "blooms_distribution": {
        "Remember": 0.0,
        "Understand": 0.3333333333333333,
        "Apply": 0.0,
        "Analyze": 0.3333333333333333,
        "Evaluate": 0.0,
        "Create": 0.3333333333333333
      },
      "learning_path_coherence": 1.0,
      "concept_coverage": 1.0,
      "prerequisite_satisfaction": 1.0,
      "overall": 0.9166666666666666
    },
    "content_quality": {
      "factual_accuracy": 0.0,
      "citation_validity": 1.0,
      "citation_coverage": 0.625,
      "readability": 0.0,
      "information_density": 1.0,
      "overall": 0.6875
    },
    "learning_outcomes": {
      "predicted_retention": 0.6866666666666668,
      "predicted_engagement": 0.3466666666666666,
      "difficulty_progression": 1.0,
      "cognitive_load": 0.34829931972789113,
      "overall": 0.6403401360544217
    }
  }
}
